Ayoub Moudrika, ayoub.moudrika@gmail.com, 5149988996
John Doe,john.doe@example.com,1234567890
Alice Smith,alice.smith@example.com,2345678901
Bob Johnson,bob.johnson@example.com,3456789012
Emma Wilson,emma.wilson@example.com,4567890123
Daniel Brown,daniel.brown@example.com,5678901234
Sophia Davis,sophia.davis@example.com,6789012345
Olivia Taylor,olivia.taylor@example.com,7890123456
William Clark,william.clark@example.com,8901234567
Ava Anderson,ava.anderson@example.com,9012345678
James Lee,james.lee@example.com,0123456789
Mia Rodriguez,mia.rodriguez@example.com,0987654321
Benjamin Martinez,benjamin.martinez@example.com,9876543210
Charlotte Lopez,charlotte.lopez@example.com,8765432109
Alexander Hall,alexander.hall@example.com,7654321098
Harper Wright,harper.wright@example.com,6543210987
Elijah Lewis,elijah.lewis@example.com,5432109876
Amelia Young,amelia.young@example.com,4321098765
Logan King,logan.king@example.com,3210987654
Abigail Hernandez,abigail.hernandez@example.com,2109876543
Caleb Nelson,caleb.nelson@example.com,1098765432
Emily Thompson,emily.thompson@example.com,0987654321
Matthew Walker,matthew.walker@example.com,9876543210
Elizabeth Perez,elizabeth.perez@example.com,8765432109
Daniel Hill,daniel.hill@example.com,7654321098
Sofia Scott,sofia.scott@example.com,6543210987
Michael Adams,michael.adams@example.com,5432109876
Avery Morris,avery.morris@example.com,4321098765
Evelyn Sanchez,evelyn.sanchez@example.com,3210987654
David Turner,david.turner@example.com,2109876543
Scarlett Price,scarlett.price@example.com,1098765432
Joseph Wood,joseph.wood@example.com,0987654321
Victoria Butler,victoria.butler@example.com,9876543210
Jackson Flores,jackson.flores@example.com,8765432109
Grace Reed,grace.reed@example.com,7654321098
Samuel Cook,samuel.cook@example.com,6543210987
Lily Howard,lily.howard@example.com,5432109876
Henry Ward,henry.ward@example.com,4321098765
Chloe Bailey,chloe.bailey@example.com,3210987654
Andrew Powell,andrew.powell@example.com,2109876543
Zoey Rogers,zoey.rogers@example.com,1098765432
Christopher Foster,christopher.foster@example.com,0987654321
Penelope Kelly,penelope.kelly@example.com,9876543210
Gabriel Coleman,gabriel.coleman@example.com,8765432109
Nora Collins,nora.collins@example.com,7654321098
Anthony Simmons,anthony.simmons@example.com,6543210987
Stella Ross,stella.ross@example.com,5432109876
Isaac Ramirez,isaac.ramirez@example.com,4321098765
